z_idx,time_s,x_m,y_m,yaw_bin
0,0.1,2.7,5.1000000000000005,0
1,0.30000000000000004,2.9000000000000004,5.1000000000000005,0
2,0.5,3.1,5.1000000000000005,0
3,0.7000000000000001,3.3000000000000003,5.1000000000000005,0
4,0.9,3.5,5.1000000000000005,0
5,1.1,3.7,5.1000000000000005,0
6,1.3,3.9000000000000004,5.1000000000000005,0
7,1.5,4.1000000000000005,5.1000000000000005,0
8,1.7000000000000002,4.3,5.1000000000000005,0
9,1.9000000000000001,4.5,5.1000000000000005,0
10,2.1,4.7,5.1000000000000005,0
11,2.3000000000000003,4.9,5.1000000000000005,0
12,2.5,5.1000000000000005,5.1000000000000005,0
13,2.7,5.1000000000000005,5.1000000000000005,1
14,2.9000000000000004,5.1000000000000005,5.300000000000001,1
15,3.1,5.1000000000000005,5.5,1
16,3.3000000000000003,5.1000000000000005,5.7,1
17,3.5,5.1000000000000005,5.9,1
18,3.7,5.1000000000000005,6.1000000000000005,1
19,3.9000000000000004,5.1000000000000005,6.300000000000001,1
20,4.1000000000000005,5.1000000000000005,6.5,1
21,4.3,5.300000000000001,6.5,1
22,4.5,5.5,6.5,1
23,4.7,5.7,6.5,1
24,4.9,5.9,6.5,1
25,5.1000000000000005,5.9,6.5,1
26,5.300000000000001,5.9,6.5,1
27,5.5,6.1000000000000005,6.5,1
